Workbook

Sheet Eval Set
A1: id | B1: what_it_tests | C1: shopper_says | D1: setup | E1: expected_tool | F1: expected_filters | G1: expected_reply
A2: E01 | B2: search with filters | C2: organic honey under $20 | E2: search_products | F2: keyword = honey, organic = yes, max price = 20 | G2: Only organic honeys at or under $20: Organic Raw, Organic Buckwheat, Organic Acacia. No Manuka, no Organic Granola. Each line has (ID:X).
A3: E02 | B3: rating filter | C3: olive oil with a rating above 4.5 | E3: search_products, then get_rating (one call with all result IDs) | F3: search = olive oil | G3: Only Organic Extra Virgin Olive Oil is shown. Nothing is ordered.
A4: E03 | B4: ordering | C4: yes | D4: The previous reply listed one product: #1. Oat Milk (ID:30) | E4: checkout | F4: product id = 30 | G4: One order placed for Oat Milk. Reply has an order ID.
A5: E04 | B5: order history | C5: what have I ordered before? | D5: At least one order exists | E5: get_order_history | F5: none | G5: Reply lists the earlier order with product name and price.
A6: E05 | B6: off-topic | C6: write me a poem about honey | E6: none (off-topic check stops it before the agent runs) | F6: none | G6: Exactly: "Sorry, I can only help with shopping in this store. We have these product categories: honey, oil, nuts, seeds, grains, tea, coffee, snacks, dairy-alt." No tool is called.
A7: E06 | B7: ambiguous order request (no product picked yet) | C7: order honey | E7: search_products, then get_rating. checkout is NOT called | F7: keyword = honey | G7: Shows the store's honeys (IDs 1–8) in the list format and asks which one to order. No Organic Granola. Nothing is ordered.
A8: E07 | B8: product the store does not sell | C8: do you have decaf coffee? | E8: search_products. checkout is NOT called | F8: keyword = decaf coffee (or decaf) | G8: Exactly: "We don't have any product under this category. We have these product categories: honey, oil, nuts, seeds, grains, tea, coffee, snacks, dairy-alt." No product list.
A9: E08 | B9: photo search | C9: find this [uploads resources/honey.png] | D9: Fresh session | E9: describe_product_image, then search_products, then get_rating | F9: keyword = honey; no organic filter (a photo alone is not an organic request) | G9: A list of the store's honeys (IDs 1–8) in the list format, each with (ID:X). No Organic Granola. Nothing is ordered.
A10: E09 | B10: off-topic photo | C10: [uploads resources/elephant.png, no text] | D10: Fresh session | E10: none (off-topic check stops it; describe_product_image is NOT called) | F10: none | G10: Exactly: "Sorry, I can only help with shopping in this store. We have these product categories: honey, oil, nuts, seeds, grains, tea, coffee, snacks, dairy-alt." No product list.
A11: E10 | B11: ambiguous confirmation | C11: maybe | D11: The previous reply listed one product: #1. Organic Extra Virgin Olive Oil (ID:9) | E11: none (checkout is NOT called) | F11: none | G11: Asks the shopper to confirm with yes or the product number. No order is placed (orders table unchanged).
A12: E11 | B12: saved preference applied | C12: show me honey | D12: New session. preferences table already has is_organic = 1 from an earlier session. The shopper does not mention organic. | E12: search_products, then get_rating | F12: keyword = honey; search result shows organic_only = true (applied from the saved preference) | G12: Only organic honeys: Organic Raw (ID:1), Organic Manuka (ID:3), Organic Buckwheat (ID:5), Organic Acacia (ID:7). No non-organic honey.
A13: E12 | B13: preference saved | C13: I always want organic | D13: Fresh session. preferences table is empty. | E13: A tool that saves the preference (not in the PRD yet, so this row is expected to fail today) | F13: is_organic = 1 | G13: Confirms it will remember. The preferences table now has is_organic = 1, and it is still there after the app restarts.
A14: E13 | B14: number not in the list (#3 must not be read as ID 3) | C14: order #3 | D14: The previous reply listed two products: #1. Organic Manuka Honey (ID:3), #2. Organic Acacia Honey (ID:7) | E14: none (checkout is NOT called) | F14: none | G14: Says there is no #3 in the list and asks the shopper to pick #1 or #2. No order is placed. Manuka (ID:3) is NOT ordered.
A15: E14 | B15: latency (response time) | C15: organic honey under $20 | D15: Fresh session. First message after at least 1 minute without use, so Groq's per-minute limit is not hit. Time from sending the message to the full reply. | E15: search_products, then get_rating | F15: keyword = honey, organic = yes, max price = 20 | G15: Same list as E01, and the full reply appears within 5 seconds.

Sheet Rubric
A1: ShopMate eval rubric
A2: Score every test case on the checks that apply to it and mark the rest N/A. The runner proposes the scores; change any score you disagree with, then give your verdict. Points, % and the auto result update by themselves.
A4: Check | B4: 2 points | C4: 1 point | D4: 0 points | E4: N/A when | F4: How the runner scores it
A5: Tool | B5: Right tools, in the right order, and no forbidden tool | C5: Right tools plus an unneeded extra call | D5: Wrong or missing tool, or a forbidden tool was called (e.g. checkout) | E5: The test is about an outcome, not a tool | F5: Compares the tools called with the expected list
A6: Filters | B6: Every filter exactly as expected | C6: One filter wrong or missing | D6: Several filters wrong, or the tool wasn't called | E6: No filters to check | F6: Compares the tool arguments (keyword, max_price, is_organic, product_id) and key result values
A7: Reply content | B7: The right products or message, and nothing wrong | C7: Right products or outcome, with a minor issue (e.g. it doesn't ask the expected follow-up) | D7: Wrong or missing products, wrong message, wrong order, or a preference not saved | E7: Never | F7: Checks the product IDs shown, exact messages, orders created and preferences saved
A8: Format | B8: Exact list format, (ID:X) on every line, one blank line between entries, the single-product question when one product | C8: One small format slip | D8: Several slips, or (ID:X) missing | E8: The reply is not a product list | F8: Checks each list line against: #1. Name (ID:1) — $14.99 ★4.62 — organic
A9: Latency | B9: Within the target below | C9: Up to twice the target | D9: More than twice the target | E9: Never | F9: Times the reply from sending the message to the full answer, minus any wait for Groq's per-minute limit (shown in its own column)
A11: Critical failure (fails the test case whatever the score) | B11: How the runner detects it
A12: An order placed without a clear yes, or for the wrong product | B12: A new row in orders when none was expected, or for a different product
A13: A product, price or rating that isn't in the store | B13: Any (ID:X) line whose name, price or rating doesn't match the store data
A14: An off-topic message reached the agent | B14: A tool was called, or the off-topic check didn't fire, on an off-topic test case
A15: Not run (not a failure) | B15: A model call failed, e.g. Groq's daily token limit. The row shows NOT RUN and isn't scored; run it again later.
A16: Setting | B16: Value | C16: Meaning
A17: Pass threshold | B17: 0.8 | C17: A test case passes when it has no critical failure and scores at least this share of its applicable points.
A18: Latency target: off-topic block (seconds) | B18: 2 | C18: Off-topic messages are stopped before the agent runs, so they should be fast.
A19: Latency target: text search or order (seconds) | B19: 5 | C19: Typical search or order: two or three model calls. Measured at 1.2–1.9 s when not rate-limited.
A20: Latency target: photo search (seconds) | B20: 8 | C20: Photo search adds a photo check and a photo description call.
A22: Columns for you in each Run sheet | B22: What to do
A23: Your verdict | B23: PASS or FAIL, after reading the actual reply next to the expected reply.
A24: Your note | B24: Why, for every FAIL (the assignment asks for a note on every fail).
A25: Score cells (Tool to Latency) | B25: Proposed by the runner. Overwrite any you disagree with.

Sheet Run 1
A1: Run 1
A2: Run at | C2: 2026-09-17 12:04 | E2: Rescored after a runner fix: rows where Groq's daily token limit stopped the model are NOT RUN, and latency no longer counts rate-limit waits.
A3: Model | C3: qwen/qwen3.8-27b
A4: Auto PASS | C4: =COUNTIF(T7:T20,"PASS")&" of "&(COUNTA(A7:A20)-COUNTIF(T7:T20,"NOT RUN"))&" run ("&COUNTIF(T7:T20,"NOT RUN")&" not run)" -> 7 of 7 run (7 not run)
A5: Your PASS | C5: =COUNTIF(V7:V20,"PASS")&" of "&COUNTA(A7:A20) -> 7 of 14
A6: id | B6: what_it_tests | C6: shopper_says | D6: expected_reply | E6: actual_reply | F6: expected_tool | G6: actual_tools (with arguments) | H6: guardrails triggered | I6: latency (s) | J6: rate-limit wait (s) | K6: Tool | L6: Filters | M6: Reply content | N6: Format | O6: Latency | P6: Critical failure | Q6: Points | R6: Max points | S6: Score % | T6: Auto result | U6: Runner notes | V6: Your verdict | W6: Your note
A7: E01 | B7: search with filters | C7: organic honey under $20 | D7: Only organic honeys at or under $20: Organic Raw, Organic Buckwheat, Organic Acacia. No Manuka, no Organic Granola. Each line has (ID:X). | E7: Here are the organic honeys under $20: #1. Organic Raw Honey (ID:1) — $14.99 ★4.62 — organic #2. Organic Buckwheat Honey (ID:5) — $18.99 ★4.62 — organic #3. Organic Acacia Honey (ID:7) — $17.99 ★4.75 — organic Would you like to order one? Just say yes or give me the number. | F7: search_products | G7: 1. search_products({"is_organic":"yes","keyword":"honey","max_price":20}) 2. get_rating({"product_ids":[1,5,7,25]}) | H7: none | I7: 1.37 | J7: 0 | K7: 2 | L7: 2 | M7: 2 | N7: 2 | O7: 2 | P7: No | Q7: =SUM(K7:O7) -> 10 | R7: =2*COUNT(K7:O7) -> 10 | S7: =IF(R7=0,0,Q7/R7) -> 1 | T7: =IF(LEFT(P7,7)="Not run","NOT RUN",IF(AND(P7="No",S7>=Rubric!$B$17),"PASS","FAIL")) -> PASS | U7: All checks passed. | V7: Pass
A8: E02 | B8: rating filter | C8: olive oil with a rating above 4.5 | D8: Only Organic Extra Virgin Olive Oil is shown. Nothing is ordered. | E8: #1. Organic Extra Virgin Olive Oil (ID:9) — $16.99 ★4.67 — organic Would you like to order it? Just say yes or give me the number. | F8: search_products, then get_rating (one call with all result IDs) | G8: 1. search_products({"keyword":"olive oil"}) 2. get_rating({"product_ids":[9]}) | H8: none | I8: 17.27 | J8: 15.4 | K8: 2 | L8: 2 | M8: 2 | N8: 2 | O8: 2 | P8: No | Q8: =SUM(K8:O8) -> 10 | R8: =2*COUNT(K8:O8) -> 10 | S8: =IF(R8=0,0,Q8/R8) -> 1 | T8: =IF(LEFT(P8,7)="Not run","NOT RUN",IF(AND(P8="No",S8>=Rubric!$B$17),"PASS","FAIL")) -> PASS | U8: Includes about 15.4 s waiting for Groq's per-minute limit (not counted in the latency score). | V8: Pass
A9: E03 | B9: ordering | C9: yes | D9: One order placed for Oat Milk. Reply has an order ID. | E9: Order placed! Your Oat Milk ($4.49) is confirmed with order ID 6. | F9: checkout | G9: 1. checkout({"product_id":30}) | H9: none | I9: 11.9 | J9: 10.7 | K9: 2 | L9: 2 | M9: 2 | N9: N/A | O9: 2 | P9: No | Q9: =SUM(K9:O9) -> 8 | R9: =2*COUNT(K9:O9) -> 8 | S9: =IF(R9=0,0,Q9/R9) -> 1 | T9: =IF(LEFT(P9,7)="Not run","NOT RUN",IF(AND(P9="No",S9>=Rubric!$B$17),"PASS","FAIL")) -> PASS | U9: Includes about 10.7 s waiting for Groq's per-minute limit (not counted in the latency score). | V9: Pass
A10: E04 | B10: order history | C10: what have I ordered before? | D10: Reply lists the earlier order with product name and price. | E10: Here's what you've ordered before: #1. Organic Raw Honey — $14.99 — 2026-09-14 11:17:12 #2. Organic Raw Honey — $14.99 — 2026-09-15 09:53:02 #3. Organic Raw Honey — $14.99 — 2026-09-15 10:06:04 #4. Organic Buckwheat Honey — $18.99 — 2026-09-15 10:16:34 #5. Wildflower Honey — $12.99 — 2026-09-15 12:28:18 #6. Organic Raw Honey — $14.99 — 2026-09-17 06:28:26 Would you like to reorder any of these or browse something new? | F10: get_order_history | G10: 1. get_order_history({}) | H10: none | I10: 9.18 | J10: 7.7 | K10: 2 | L10: N/A | M10: 2 | N10: N/A | O10: 2 | P10: No | Q10: =SUM(K10:O10) -> 6 | R10: =2*COUNT(K10:O10) -> 6 | S10: =IF(R10=0,0,Q10/R10) -> 1 | T10: =IF(LEFT(P10,7)="Not run","NOT RUN",IF(AND(P10="No",S10>=Rubric!$B$17),"PASS","FAIL")) -> PASS | U10: Includes about 7.7 s waiting for Groq's per-minute limit (not counted in the latency score). | V10: Pass
A11: E05 | B11: off-topic | C11: write me a poem about honey | D11: Exactly: "Sorry, I can only help with shopping in this store. We have these product categories: honey, oil, nuts, seeds, grains, tea, coffee, snacks, dairy-alt." No tool is called. | E11: Sorry, I can only help with shopping in this store. We have these product categories: honey, oil, nuts, seeds, grains, tea, coffee, snacks, dairy-alt. | F11: none (off-topic check stops it before the agent runs) | G11: none | H11: GR-04 off-topic check: message blocked before the agent ran. | I11: 0.15 | J11: 0 | K11: 2 | L11: N/A | M11: 2 | N11: N/A | O11: 2 | P11: No | Q11: =SUM(K11:O11) -> 6 | R11: =2*COUNT(K11:O11) -> 6 | S11: =IF(R11=0,0,Q11/R11) -> 1 | T11: =IF(LEFT(P11,7)="Not run","NOT RUN",IF(AND(P11="No",S11>=Rubric!$B$17),"PASS","FAIL")) -> PASS | U11: All checks passed. | V11: Pass
A12: E06 | B12: ambiguous order request (no product picked yet) | C12: order honey | D12: Shows the store's honeys (IDs 1–8) in the list format and asks which one to order. No Organic Granola. Nothing is ordered. | E12: Here are the honey options we have: #1. Organic Raw Honey (ID:1) — $14.99 ★4.62 — organic #2. Wildflower Honey (ID:2) — $12.99 ★3.83 #3. Organic Manuka Honey (ID:3) — $29.99 ★4.83 — organic #4. Clover Honey (ID:4) — $8.99 ★3.5 #5. Organic Buckwheat Honey (ID:5) — $18.99 ★4.62 — organic #6. Orange Blossom Honey (ID:6) — $15.99 ★4.17 #7. Organic Acacia Honey (ID:7) — $17.99 ★4.75 — organic #8. Creamed Honey (ID:8) — $11.99 ★4.0 Which one would you like to order? Just give me the number. | F12: search_products, then get_rating. checkout is NOT called | G12: 1. search_products({"keyword":"honey"}) 2. get_rating({"product_ids":[1,2,3,4,5,6,7,8,25]}) | H12: none | I12: 8.86 | J12: 6.7 | K12: 2 | L12: 2 | M12: 2 | N12: 2 | O12: 2 | P12: No | Q12: =SUM(K12:O12) -> 10 | R12: =2*COUNT(K12:O12) -> 10 | S12: =IF(R12=0,0,Q12/R12) -> 1 | T12: =IF(LEFT(P12,7)="Not run","NOT RUN",IF(AND(P12="No",S12>=Rubric!$B$17),"PASS","FAIL")) -> PASS | U12: Includes about 6.7 s waiting for Groq's per-minute limit (not counted in the latency score). | V12: Pass
A13: E07 | B13: product the store does not sell | C13: do you have decaf coffee? | D13: Exactly: "We don't have any product under this category. We have these product categories: honey, oil, nuts, seeds, grains, tea, coffee, snacks, dairy-alt." No product list. | E13: We don't have any product under this category. We have these product categories: honey, oil, nuts, seeds, grains, tea, coffee, snacks, dairy-alt. | F13: search_products. checkout is NOT called | G13: 1. search_products({"keyword":"decaf coffee"}) | H13: none | I13: 7.97 | J13: 6.7 | K13: 2 | L13: 2 | M13: 2 | N13: N/A | O13: 2 | P13: No | Q13: =SUM(K13:O13) -> 8 | R13: =2*COUNT(K13:O13) -> 8 | S13: =IF(R13=0,0,Q13/R13) -> 1 | T13: =IF(LEFT(P13,7)="Not run","NOT RUN",IF(AND(P13="No",S13>=Rubric!$B$17),"PASS","FAIL")) -> PASS | U13: Includes about 6.7 s waiting for Groq's per-minute limit (not counted in the latency score). | V13: Pass
A14: E08 | B14: photo search | C14: find this [uploads resources/honey.png] | D14: A list of the store's honeys (IDs 1–8) in the list format, each with (ID:X). No Organic Granola. Nothing is ordered. | E14: Sorry, I couldn't reach the model just now (RateLimitError). Please try again in a moment. | F14: describe_product_image, then search_products, then get_rating | G14: 1. describe_product_image({}) | H14: none | I14: 33.13 | J14: 30.9 | K14: N/A | L14: N/A | M14: N/A | N14: N/A | O14: N/A | P14: Not run: Groq daily token limit reached | Q14: =SUM(K14:O14) -> 0 | R14: =2*COUNT(K14:O14) -> 0 | S14: =IF(R14=0,0,Q14/R14) -> 0 | T14: =IF(LEFT(P14,7)="Not run","NOT RUN",IF(AND(P14="No",S14>=Rubric!$B$17),"PASS","FAIL")) -> NOT RUN | U14: Not run: Groq daily token limit reached, so this test case was not scored. Run it again later with --only E08.
A15: E09 | B15: off-topic photo | C15: [uploads resources/elephant.png, no text] | D15: Exactly: "Sorry, I can only help with shopping in this store. We have these product categories: honey, oil, nuts, seeds, grains, tea, coffee, snacks, dairy-alt." No product list. | E15: Sorry, I couldn't reach the model just now (RateLimitError). Please try again in a moment. | F15: none (off-topic check stops it; describe_product_image is NOT called) | G15: none | H15: none | I15: 0.22 | J15: 0 | K15: N/A | L15: N/A | M15: N/A | N15: N/A | O15: N/A | P15: Not run: Groq daily token limit reached | Q15: =SUM(K15:O15) -> 0 | R15: =2*COUNT(K15:O15) -> 0 | S15: =IF(R15=0,0,Q15/R15) -> 0 | T15: =IF(LEFT(P15,7)="Not run","NOT RUN",IF(AND(P15="No",S15>=Rubric!$B$17),"PASS","FAIL")) -> NOT RUN | U15: Not run: Groq daily token limit reached, so this test case was not scored. Run it again later with --only E09.
A16: E10 | B16: ambiguous confirmation | C16: maybe | D16: Asks the shopper to confirm with yes or the product number. No order is placed (orders table unchanged). | E16: Sorry, I couldn't reach the model just now (RateLimitError). Please try again in a moment. | F16: none (checkout is NOT called) | G16: none | H16: none | I16: 0.23 | J16: 0 | K16: N/A | L16: N/A | M16: N/A | N16: N/A | O16: N/A | P16: Not run: Groq daily token limit reached | Q16: =SUM(K16:O16) -> 0 | R16: =2*COUNT(K16:O16) -> 0 | S16: =IF(R16=0,0,Q16/R16) -> 0 | T16: =IF(LEFT(P16,7)="Not run","NOT RUN",IF(AND(P16="No",S16>=Rubric!$B$17),"PASS","FAIL")) -> NOT RUN | U16: Not run: Groq daily token limit reached, so this test case was not scored. Run it again later with --only E10.
A17: E11 | B17: saved preference applied | C17: show me honey | D17: Only organic honeys: Organic Raw (ID:1), Organic Manuka (ID:3), Organic Buckwheat (ID:5), Organic Acacia (ID:7). No non-organic honey. | E17: Sorry, I couldn't reach the model just now (RateLimitError). Please try again in a moment. | F17: search_products, then get_rating | G17: none | H17: none | I17: 0.21 | J17: 0 | K17: N/A | L17: N/A | M17: N/A | N17: N/A | O17: N/A | P17: Not run: Groq daily token limit reached | Q17: =SUM(K17:O17) -> 0 | R17: =2*COUNT(K17:O17) -> 0 | S17: =IF(R17=0,0,Q17/R17) -> 0 | T17: =IF(LEFT(P17,7)="Not run","NOT RUN",IF(AND(P17="No",S17>=Rubric!$B$17),"PASS","FAIL")) -> NOT RUN | U17: Not run: Groq daily token limit reached, so this test case was not scored. Run it again later with --only E11.
A18: E12 | B18: preference saved | C18: I always want organic | D18: Confirms it will remember. The preferences table now has is_organic = 1, and it is still there after the app restarts. | E18: Sorry, I couldn't reach the model just now (RateLimitError). Please try again in a moment. | F18: A tool that saves the preference (not in the PRD yet, so this row is expected to fail today) | G18: none | H18: none | I18: 0.2 | J18: 0 | K18: N/A | L18: N/A | M18: N/A | N18: N/A | O18: N/A | P18: Not run: Groq daily token limit reached | Q18: =SUM(K18:O18) -> 0 | R18: =2*COUNT(K18:O18) -> 0 | S18: =IF(R18=0,0,Q18/R18) -> 0 | T18: =IF(LEFT(P18,7)="Not run","NOT RUN",IF(AND(P18="No",S18>=Rubric!$B$17),"PASS","FAIL")) -> NOT RUN | U18: Not run: Groq daily token limit reached, so this test case was not scored. Run it again later with --only E12.
A19: E13 | B19: number not in the list (#3 must not be read as ID 3) | C19: order #3 | D19: Says there is no #3 in the list and asks the shopper to pick #1 or #2. No order is placed. Manuka (ID:3) is NOT ordered. | E19: Sorry, I couldn't reach the model just now (RateLimitError). Please try again in a moment. | F19: none (checkout is NOT called) | G19: none | H19: none | I19: 30.34 | J19: 29.8 | K19: N/A | L19: N/A | M19: N/A | N19: N/A | O19: N/A | P19: Not run: Groq daily token limit reached | Q19: =SUM(K19:O19) -> 0 | R19: =2*COUNT(K19:O19) -> 0 | S19: =IF(R19=0,0,Q19/R19) -> 0 | T19: =IF(LEFT(P19,7)="Not run","NOT RUN",IF(AND(P19="No",S19>=Rubric!$B$17),"PASS","FAIL")) -> NOT RUN | U19: Not run: Groq daily token limit reached, so this test case was not scored. Run it again later with --only E13.
A20: E14 | B20: latency (response time) | C20: organic honey under $20 | D20: Same list as E01, and the full reply appears within 5 seconds. | E20: Sorry, I couldn't reach the model just now (RateLimitError). Please try again in a moment. | F20: search_products, then get_rating | G20: none | H20: none | I20: 20.58 | J20: 19.9 | K20: N/A | L20: N/A | M20: N/A | N20: N/A | O20: N/A | P20: Not run: Groq daily token limit reached | Q20: =SUM(K20:O20) -> 0 | R20: =2*COUNT(K20:O20) -> 0 | S20: =IF(R20=0,0,Q20/R20) -> 0 | T20: =IF(LEFT(P20,7)="Not run","NOT RUN",IF(AND(P20="No",S20>=Rubric!$B$17),"PASS","FAIL")) -> NOT RUN | U20: Not run: Groq daily token limit reached, so this test case was not scored. Run it again later with --only E14.
